id,date,decision_id,finding,source_id,confidence,notes
E1,2025-12-09,D1,RecipeIngredient junction pattern exists and works well,S1,HIGH,Pattern at recipe.py:122-169
E2,2025-12-09,D2,Composition model has constraint patterns for validation,S2,HIGH,Pattern at composition.py:94-129
E3,2025-12-09,D2,User confirmed check-on-save approach,S5,HIGH,Planning Q1 answer: A
E4,2025-12-09,D3,User confirmed batch multiplier only,S5,HIGH,Planning Q1 answer: A
E5,2025-12-09,D4,User confirmed 3-level max depth,S5,HIGH,Planning Q2 answer: B
E6,2025-12-09,D5,Recipe model has no slug field,S1,HIGH,Grep for slug in recipe.py returned no matches
E7,2025-12-09,D5,Import/export uses recipe name,S4,HIGH,import_export_service.py:276-315
E8,2025-12-09,D6,Existing calculate_cost pattern in Recipe model,S1,HIGH,recipe.py:76-89
E9,2025-12-09,D7,User confirmed recipe_service approach,S5,HIGH,Planning Q2 answer: A
E10,2025-12-09,D8,User confirmed single scrollable form,S5,HIGH,Planning Q3 answer: B
